Firstname,Lastname,Email
Test,User1,test1@example.com
Test,User2,test2@example.com
Test,User3,test3@example.com
Test,User4,test4@example.com
Test,User5,test5@example.com
Test,User6,test6@example.com
Test,User7,test7@example.com
Test,User8,test8@example.com
Test,User9,test9@example.com
Test,User10,test10@example.com
Test,User11,test11@example.com
Test,User12,test12@example.com
Test,User13,test13@example.com
Test,User14,test14@example.com
Test,User15,test15@example.com
Test,User16,test16@example.com
Test,User17,test17@example.com
Test,User18,test18@example.com
Test,User19,test19@example.com
Test,User20,test20@example.com
Test,User21,test21@example.com
Test,User22,test22@example.com
Test,User23,test23@example.com
Test,User24,test24@example.com
Test,User25,test25@example.com
Test,User26,test26@example.com
Test,User27,test27@example.com
Test,User28,test28@example.com
Test,User29,test29@example.com
Test,User30,test30@example.com
Test,User31,test31@example.com
Test,User32,test32@example.com
Test,User33,test33@example.com
Test,User34,test34@example.com
Test,User35,test35@example.com
Test,User36,test36@example.com
Test,User37,test37@example.com
Test,User38,test38@example.com
Test,User39,test39@example.com
Test,User40,test40@example.com
Test,User41,test41@example.com
Test,User42,test42@example.com
Test,User43,test43@example.com
Test,User44,test44@example.com
Test,User45,test45@example.com
Test,User46,test46@example.com
Test,User47,test47@example.com
Test,User48,test48@example.com
Test,User49,test49@example.com
Test,User50,test50@example.com
Test,User51,test51@example.com
Test,User52,test52@example.com
Test,User53,test53@example.com
Test,User54,test54@example.com
Test,User55,test55@example.com
Test,User56,test56@example.com
Test,User57,test57@example.com
Test,User58,test58@example.com
Test,User59,test59@example.com
Test,User60,test60@example.com
Test,User61,test61@example.com
Test,User62,test62@example.com
Test,User63,test63@example.com
Test,User64,test64@example.com
Test,User65,test65@example.com
Test,User66,test66@example.com
Test,User67,test67@example.com
Test,User68,test68@example.com
Test,User69,test69@example.com
Test,User70,test70@example.com
Test,User71,test71@example.com
Test,User72,test72@example.com
Test,User73,test73@example.com
Test,User74,test74@example.com
Test,User75,test75@example.com
Test,User76,test76@example.com
Test,User77,test77@example.com
Test,User78,test78@example.com
Test,User79,test79@example.com
Test,User80,test80@example.com
Test,User81,test81@example.com
Test,User82,test82@example.com
Test,User83,test83@example.com
Test,User84,test84@example.com
Test,User85,test85@example.com
Test,User86,test86@example.com
Test,User87,test87@example.com
Test,User88,test88@example.com
Test,User89,test89@example.com
Test,User90,test90@example.com
Test,User91,test91@example.com
Test,User92,test92@example.com
Test,User93,test93@example.com
Test,User94,test94@example.com
Test,User95,test95@example.com
Test,User96,test96@example.com
Test,User97,test97@example.com
Test,User98,test98@example.com
Test,User99,test99@example.com
Test,User100,test100@example.com
Test,User101,test101@example.com
Test,User102,test102@example.com
Test,User103,test103@example.com
Test,User104,test104@example.com
Test,User105,test105@example.com
Test,User106,test106@example.com
Test,User107,test107@example.com
Test,User108,test108@example.com
Test,User109,test109@example.com
Test,User110,test110@example.com
Test,User111,test111@example.com
Test,User112,test112@example.com
Test,User113,test113@example.com
Test,User114,test114@example.com
Test,User115,test115@example.com
Test,User116,test116@example.com
Test,User117,test117@example.com
Test,User118,test118@example.com
Test,User119,test119@example.com
Test,User120,test120@example.com
Test,User121,test121@example.com
Test,User122,test122@example.com
Test,User123,test123@example.com
Test,User124,test124@example.com
Test,User125,test125@example.com
Test,User126,test126@example.com
Test,User127,test127@example.com
Test,User128,test128@example.com
Test,User129,test129@example.com
Test,User130,test130@example.com
Test,User131,test131@example.com
Test,User132,test132@example.com
Test,User133,test133@example.com
Test,User134,test134@example.com
Test,User135,test135@example.com
Test,User136,test136@example.com
Test,User137,test137@example.com
Test,User138,test138@example.com
Test,User139,test139@example.com
Test,User140,test140@example.com
Test,User141,test141@example.com
Test,User142,test142@example.com
Test,User143,test143@example.com
Test,User144,test144@example.com
Test,User145,test145@example.com
Test,User146,test146@example.com
Test,User147,test147@example.com
Test,User148,test148@example.com
Test,User149,test149@example.com
Test,User150,test150@example.com
Test,User151,test151@example.com
Test,User152,test152@example.com
Test,User153,test153@example.com
Test,User154,test154@example.com
Test,User155,test155@example.com
Test,User156,test156@example.com
Test,User157,test157@example.com
Test,User158,test158@example.com
Test,User159,test159@example.com
Test,User160,test160@example.com
Test,User161,test161@example.com
Test,User162,test162@example.com
Test,User163,test163@example.com
Test,User164,test164@example.com
Test,User165,test165@example.com
Test,User166,test166@example.com
Test,User167,test167@example.com
Test,User168,test168@example.com
Test,User169,test169@example.com
Test,User170,test170@example.com
Test,User171,test171@example.com
Test,User172,test172@example.com
Test,User173,test173@example.com
Test,User174,test174@example.com
Test,User175,test175@example.com
Test,User176,test176@example.com
Test,User177,test177@example.com
Test,User178,test178@example.com
Test,User179,test179@example.com
Test,User180,test180@example.com
Test,User181,test181@example.com
Test,User182,test182@example.com
Test,User183,test183@example.com
Test,User184,test184@example.com
Test,User185,test185@example.com
Test,User186,test186@example.com
Test,User187,test187@example.com
Test,User188,test188@example.com
Test,User189,test189@example.com
Test,User190,test190@example.com
Test,User191,test191@example.com
Test,User192,test192@example.com
Test,User193,test193@example.com
Test,User194,test194@example.com
Test,User195,test195@example.com
Test,User196,test196@example.com
Test,User197,test197@example.com
Test,User198,test198@example.com
Test,User199,test199@example.com
Test,User200,test200@example.com
Test,User201,test201@example.com
Test,User202,test202@example.com
Test,User203,test203@example.com
Test,User204,test204@example.com
Test,User205,test205@example.com
Test,User206,test206@example.com
Test,User207,test207@example.com
Test,User208,test208@example.com
Test,User209,test209@example.com
Test,User210,test210@example.com
Test,User211,test211@example.com
Test,User212,test212@example.com
Test,User213,test213@example.com
Test,User214,test214@example.com
Test,User215,test215@example.com
Test,User216,test216@example.com
Test,User217,test217@example.com
Test,User218,test218@example.com
Test,User219,test219@example.com
Test,User220,test220@example.com
Test,User221,test221@example.com
Test,User222,test222@example.com
Test,User223,test223@example.com
Test,User224,test224@example.com
Test,User225,test225@example.com
Test,User226,test226@example.com
Test,User227,test227@example.com
Test,User228,test228@example.com
Test,User229,test229@example.com
Test,User230,test230@example.com
Test,User231,test231@example.com
Test,User232,test232@example.com
Test,User233,test233@example.com
Test,User234,test234@example.com
Test,User235,test235@example.com
Test,User236,test236@example.com
Test,User237,test237@example.com
Test,User238,test238@example.com
Test,User239,test239@example.com
Test,User240,test240@example.com
Test,User241,test241@example.com
Test,User242,test242@example.com
Test,User243,test243@example.com
Test,User244,test244@example.com
Test,User245,test245@example.com
Test,User246,test246@example.com
Test,User247,test247@example.com
Test,User248,test248@example.com
Test,User249,test249@example.com
Test,User250,test250@example.com
Test,User251,test251@example.com
Test,User252,test252@example.com
Test,User253,test253@example.com
Test,User254,test254@example.com
Test,User255,test255@example.com
Test,User256,test256@example.com
Test,User257,test257@example.com
Test,User258,test258@example.com
Test,User259,test259@example.com
Test,User260,test260@example.com
Test,User261,test261@example.com
Test,User262,test262@example.com
Test,User263,test263@example.com
Test,User264,test264@example.com
Test,User265,test265@example.com
Test,User266,test266@example.com
Test,User267,test267@example.com
Test,User268,test268@example.com
Test,User269,test269@example.com
Test,User270,test270@example.com
Test,User271,test271@example.com
Test,User272,test272@example.com
Test,User273,test273@example.com
Test,User274,test274@example.com
Test,User275,test275@example.com
Test,User276,test276@example.com
Test,User277,test277@example.com
Test,User278,test278@example.com
Test,User279,test279@example.com
Test,User280,test280@example.com
Test,User281,test281@example.com
Test,User282,test282@example.com
Test,User283,test283@example.com
Test,User284,test284@example.com
Test,User285,test285@example.com
Test,User286,test286@example.com
Test,User287,test287@example.com
Test,User288,test288@example.com
Test,User289,test289@example.com
Test,User290,test290@example.com
Test,User291,test291@example.com
Test,User292,test292@example.com
Test,User293,test293@example.com
Test,User294,test294@example.com
Test,User295,test295@example.com
Test,User296,test296@example.com
Test,User297,test297@example.com
Test,User298,test298@example.com
Test,User299,test299@example.com
Test,User300,test300@example.com
